{
    "B": {
        "1D CNN": 0.15024781227111816,
        "LSTM": 0.17089663445949554,
        "GNN (simple_mlp)": 0.177473783493042,
        "WaveGraphNet (Inverse Only)": 0.1325708031654358,
        "WaveGraphNet (Coupled)": 0.1432768553495407
    }
}